{
  "$schema": "https://raw.githubusercontent.com/spdx/spdx-spec/v2.2.1/schemas/spdx-schema.json",
  "spdxVersion": "SPDX-2.2",
  "dataLicense": "CC0-1.0",
  "SPDXID": "SPDXRef-DOCUMENT",
  "documentNamespace": "https://spdx.org/spdxdocs/mpfr-x64-windows-4.2.2-9910fec5-699d-4128-8226-b8b79aff7f91",
  "name": "mpfr:x64-windows@4.2.2 1dd335183cb6adeb3ffd87a205e24d32439f83cbd3836e5f43e48f2fba637666",
  "creationInfo": {
    "creators": [
      "Tool: vcpkg-2025-06-02-145689e84b7637525510e2c9b4ee603fda046b56"
    ],
    "created": "2025-09-16T02:33:53Z"
  },
  "relationships": [
    {
      "spdxElementId": "SPDXRef-port",
      "relationshipType": "GENERATES",
      "relatedSpdxElement": "SPDXRef-binary"
    },
    {
      "spdxElementId": "SPDXRef-port",
      "relationshipType": "CONTAINS",
      "relatedSpdxElement": "SPDXRef-file-0"
    },
    {
      "spdxElementId": "SPDXRef-port",
      "relationshipType": "CONTAINS",
      "relatedSpdxElement": "SPDXRef-file-1"
    },
    {
      "spdxElementId": "SPDXRef-port",
      "relationshipType": "CONTAINS",
      "relatedSpdxElement": "SPDXRef-file-2"
    },
    {
      "spdxElementId": "SPDXRef-port",
      "relationshipType": "CONTAINS",
      "relatedSpdxElement": "SPDXRef-file-3"
    },
    {
      "spdxElementId": "SPDXRef-port",
      "relationshipType": "CONTAINS",
      "relatedSpdxElement": "SPDXRef-file-4"
    },
    {
      "spdxElementId": "SPDXRef-binary",
      "relationshipType": "GENERATED_FROM",
      "relatedSpdxElement": "SPDXRef-port"
    },
    {
      "spdxElementId": "SPDXRef-file-0",
      "relationshipType": "CONTAINED_BY",
      "relatedSpdxElement": "SPDXRef-port"
    },
    {
      "spdxElementId": "SPDXRef-file-1",
      "relationshipType": "CONTAINED_BY",
      "relatedSpdxElement": "SPDXRef-port"
    },
    {
      "spdxElementId": "SPDXRef-file-2",
      "relationshipType": "CONTAINED_BY",
      "relatedSpdxElement": "SPDXRef-port"
    },
    {
      "spdxElementId": "SPDXRef-file-3",
      "relationshipType": "CONTAINED_BY",
      "relatedSpdxElement": "SPDXRef-port"
    },
    {
      "spdxElementId": "SPDXRef-file-4",
      "relationshipType": "CONTAINED_BY",
      "relatedSpdxElement": "SPDXRef-port"
    },
    {
      "spdxElementId": "SPDXRef-file-4",
      "relationshipType": "DEPENDENCY_MANIFEST_OF",
      "relatedSpdxElement": "SPDXRef-port"
    }
  ],
  "packages": [
    {
      "name": "mpfr",
      "SPDXID": "SPDXRef-port",
      "versionInfo": "4.2.2",
      "downloadLocation": "git+https://github.com/Microsoft/vcpkg#ports/mpfr",
      "homepage": "https://www.mpfr.org",
      "licenseConcluded": "LGPL-3.0-or-later",
      "licenseDeclared": "NOASSERTION",
      "copyrightText": "NOASSERTION",
      "description": "The MPFR library is a C library for multiple-precision floating-point computations with correct rounding",
      "comment": "This is the port (recipe) consumed by vcpkg."
    },
    {
      "name": "mpfr:x64-windows",
      "SPDXID": "SPDXRef-binary",
      "versionInfo": "1dd335183cb6adeb3ffd87a205e24d32439f83cbd3836e5f43e48f2fba637666",
      "downloadLocation": "NONE",
      "licenseConcluded": "LGPL-3.0-or-later",
      "licenseDeclared": "NOASSERTION",
      "copyrightText": "NOASSERTION",
      "comment": "This is a binary package built by vcpkg."
    },
    {
      "SPDXID": "SPDXRef-resource-0",
      "name": "mpfr-4.2.2.tar.xz",
      "packageFileName": "mpfr-4.2.2.tar.xz",
      "downloadLocation": "http://www.mpfr.org/mpfr-4.2.2/mpfr-4.2.2.tar.xz",
      "licenseConcluded": "NOASSERTION",
      "licenseDeclared": "NOASSERTION",
      "copyrightText": "NOASSERTION",
      "checksums": [
        {
          "algorithm": "SHA512",
          "checksumValue": "eb9e7f51b5385fb349cc4fba3a45ffdf0dd53be6dfc74932dc01258158a10514667960c530c47dd9dfc5aa18be2bd94859d80499844c5713710581e6ac6259a9"
        }
      ]
    }
  ],
  "files": [
    {
      "fileName": "./dll.patch",
      "SPDXID": "SPDXRef-file-0",
      "checksums": [
        {
          "algorithm": "SHA256",
          "checksumValue": "a7cc43126acc6347032c5d52489105f9de8057911eebe2425a15c9714e1352d7"
        }
      ],
      "licenseConcluded": "NOASSERTION",
      "copyrightText": "NOASSERTION"
    },
    {
      "fileName": "./portfile.cmake",
      "SPDXID": "SPDXRef-file-1",
      "checksums": [
        {
          "algorithm": "SHA256",
          "checksumValue": "f7170f5675ea983f2341325b7312299f30770c5d06208605169fb671782542a5"
        }
      ],
      "licenseConcluded": "NOASSERTION",
      "copyrightText": "NOASSERTION"
    },
    {
      "fileName": "./src-only.patch",
      "SPDXID": "SPDXRef-file-2",
      "checksums": [
        {
          "algorithm": "SHA256",
          "checksumValue": "30ccd55d68977b4a991e9aa2c16138cd06a6d33e2c020800e17d71e38ec25f80"
        }
      ],
      "licenseConcluded": "NOASSERTION",
      "copyrightText": "NOASSERTION"
    },
    {
      "fileName": "./usage",
      "SPDXID": "SPDXRef-file-3",
      "checksums": [
        {
          "algorithm": "SHA256",
          "checksumValue": "7f99bc63bc68ebd821a44f492c51b713eadd654db537c724272273d41152ca77"
        }
      ],
      "licenseConcluded": "NOASSERTION",
      "copyrightText": "NOASSERTION"
    },
    {
      "fileName": "./vcpkg.json",
      "SPDXID": "SPDXRef-file-4",
      "checksums": [
        {
          "algorithm": "SHA256",
          "checksumValue": "f6dbddeeb0b44275a74ada079cfbef1e1c9da9f68f9662604365a0187b34e272"
        }
      ],
      "licenseConcluded": "NOASSERTION",
      "copyrightText": "NOASSERTION"
    }
  ]
}
